<?xml version="1.0" encoding="UTF-8" ?>

<routes xmlns="http://symfony.com/schema/routing"
    xmlns:xsi="http://www.w3.org/2001/XMLSchema-instance"
    xsi:schemaLocation="http://symfony.com/schema/routing http://symfony.com/schema/routing/routing-1.0.xsd">

    <route id="fos_user_profile_show" pattern="/">
        <default key="_controller">TangaraUserBundle:Profile:profile</default>
        <requirement key="_method">GET</requirement>
    </route>

    <route id="fos_user_profile_edit" pattern="/edit">
        <default key="_controller">FOSUserBundle:Profile:edit</default>
    </route>

</routes>
